"Genes_combinations","P_value","HR","lowCI","highCI","WT","Mutant","adj.p"
"APC","0.818","0.84","0.2","3.62","5","50",0.952220338983051
"KRAS","0.834","0.92","0.4","2.08","24","31",0.952220338983051
"ZFHX3","0.86","1.08","0.48","2.42","37","18",0.952220338983051
"MGA","0.207","1.8","0.72","4.51","42","13",0.952220338983051
"ARID1A","0.084","0.28","0.06","1.19","43","12",0.709125
"TP53","0.506","0.71","0.26","1.93","44","11",0.952220338983051
"FBXW7","0.587","0.74","0.25","2.2","44","11",0.952220338983051
"SOX9","0.321","0.58","0.2","1.71","46","9",0.952220338983051
"PCBP1","0.812","1.13","0.41","3.12","46","9",0.952220338983051
"FANCM","0.558","1.35","0.5","3.63","48","7",0.952220338983051
"PTPRD","0.903","1.07","0.36","3.13","48","7",0.952220338983051
"TCF7L2","0.677","1.26","0.42","3.8","48","7",0.952220338983051
"AKAP9","0.907","1.08","0.32","3.64","49","6",0.952220338983051
"ARID2","0.187","0.26","0.03","1.93","49","6",0.952220338983051
"BRAF","0.835","0.86","0.2","3.66","49","6",0.952220338983051
"FAT1","0.441","1.8","0.4","7.98","49","6",0.952220338983051
"BCOR","0.177","2.12","0.71","6.34","50","5",0.952220338983051
"ELF3","0.863","1.14","0.26","4.98","50","5",0.952220338983051
"KMT2D","0.854","0.89","0.26","3.08","50","5",0.952220338983051
"AMER1","0.688","1.25","0.42","3.68","50","5",0.952220338983051
"AXIN2","0.016","5.05","1.35","18.85","50","5",0.325333333333333
"BRCA2","0.436","0.45","0.06","3.36","50","5",0.952220338983051
"CHD8","0.235","1.92","0.65","5.67","50","5",0.952220338983051
"GNAS","0.725","0.8","0.24","2.71","50","5",0.952220338983051
"SPEN","0.068","2.78","0.93","8.32","50","5",0.709125
"APC_KRAS","0.892","0.95","0.42","2.13","26","29",0.952220338983051
"APC_ZFHX3","0.799","1.11","0.49","2.54","39","16",0.952220338983051
"APC_MGA","0.43","1.47","0.57","3.82","43","12",0.952220338983051
"APC_ARID1A","0.093","0.29","0.07","1.23","44","11",0.709125
"APC_TP53","0.592","0.76","0.28","2.07","45","10",0.952220338983051
"APC_FBXW7","0.689","0.8","0.27","2.39","45","10",0.952220338983051
"APC_SOX9","0.321","0.58","0.2","1.71","46","9",0.952220338983051
"APC_PCBP1","0.812","1.13","0.41","3.12","46","9",0.952220338983051
"APC_FANCM","0.558","1.35","0.5","3.63","48","7",0.952220338983051
"APC_PTPRD","0.903","1.07","0.36","3.13","48","7",0.952220338983051
"APC_TCF7L2","0.677","1.26","0.42","3.8","48","7",0.952220338983051
"APC_AKAP9","0.907","1.08","0.32","3.64","49","6",0.952220338983051
"APC_ARID2","0.205","0.27","0.04","2.03","50","5",0.952220338983051
"APC_BRAF","0.997","1","0.23","4.29","50","5",0.997
"APC_FAT1","0.441","1.8","0.4","7.98","49","6",0.952220338983051
"APC_BCOR","0.177","2.12","0.71","6.34","50","5",0.952220338983051
"APC_ELF3","0.863","1.14","0.26","4.98","50","5",0.952220338983051
"APC_KMT2D","0.854","0.89","0.26","3.08","50","5",0.952220338983051
"APC_AXIN2","0.016","5.05","1.35","18.85","50","5",0.325333333333333
"APC_BRCA2","0.436","0.45","0.06","3.36","50","5",0.952220338983051
"APC_CHD8","0.235","1.92","0.65","5.67","50","5",0.952220338983051
"APC_SPEN","0.068","2.78","0.93","8.32","50","5",0.709125
"KRAS_ZFHX3","0.854","1.09","0.45","2.63","43","12",0.952220338983051
"KRAS_MGA","0.968","1.03","0.3","3.49","48","7",0.984133333333333
"KRAS_ARID1A","0.08","0.16","0.02","1.24","47","8",0.709125
"KRAS_TP53","0.634","0.77","0.25","2.31","47","8",0.952220338983051
"KRAS_FBXW7","0.865","1.1","0.36","3.36","48","7",0.952220338983051
"KRAS_SOX9","0.296","0.46","0.1","1.99","50","5",0.952220338983051
"KRAS_PCBP1","0.921","1.06","0.31","3.65","49","6",0.952220338983051
"KRAS_FANCM","0.419","1.57","0.53","4.68","49","6",0.952220338983051
"KRAS_PTPRD","0.399","0.53","0.13","2.29","50","5",0.952220338983051
"KRAS_TCF7L2","0.463","1.52","0.5","4.64","50","5",0.952220338983051
"KRAS_AXIN2","0.016","5.05","1.35","18.85","50","5",0.325333333333333
"ZFHX3_MGA","0.49","1.47","0.49","4.39","49","6",0.952220338983051
"ZFHX3_PCBP1","0.913","1.06","0.35","3.2","48","7",0.952220338983051
"MGA_PCBP1","0.713","1.26","0.37","4.29","50","5",0.952220338983051
